Avg. Area Income,Avg. Area House Age,Avg. Area Number of Rooms,Avg. Area Number of Bedrooms,Area Population
79545.45857,5.682861322,7.009188143,4.09,23086.8005
79248.64245,6.002899808,6.730821019,3.09,40173.07217
